Model,Accuracy,Precision,Recall,F1,Confusion
LogisticRegression,0.8676470588235294,0.8181818181818182,0.9,0.8571428571428571,"[[32  6]
 [ 3 27]]"
RandomForest,0.8382352941176471,0.7878787878787878,0.8666666666666667,0.8253968253968254,"[[31  7]
 [ 4 26]]"
DecisionTree,0.75,0.7096774193548387,0.7333333333333333,0.7213114754098361,"[[29  9]
 [ 8 22]]"
